"0","year = 2025"
"0",""
"0","crash_url = paste0('https://www.planecrashinfo.com/', year, '/', year, 'htm')"
"0",""
"0","crash_page <- rvest::read_html(crash_url, encoding = ""ISO-8859-1"")"
"0",""
"0","# This should now print without the error"
"0","crash_page"
"1","{"
"1",""
"1","html"
"1",""
"1","_document}
"
"1","<html lang=""en"">"
"1",""
"1","
"
"1","[1] <head>\n<meta http-equiv=""Content-Type"" content=""text/html; charset=UTF-8"">\n<meta charset=""UTF-8"">\n<meta name=""viewport"" content=""width=device-wid ..."
"1","
"
"1","[2] <body class=""home blog wp-embed-responsive wp-theme-twentytwentyfive"">\n\n<a class=""skip-link screen-reader-text"" id=""wp-skip-link"" href=""#wp--skip- ..."
"1","
"
"0","crash_tables <- crash_page |> "
"0","  rvest::html_elements(""table"") |>"
"0","  rvest::html_table()"
"0",""
"0","crash_df = crash_tables[[1]]"
"2","Error in crash_tables[[1]] : subscript out of bounds
"
